index,Login Timestamp,User ID,Round-Trip Time [ms],IP Address,Country,Region,City,ASN,User Agent String,Browser Name and Version,OS Name and Version,Device Type,Login Successful,Is Attack IP,Is Account Takeover
0,43:30.8,-4.32E+18,,10.0.65.171,NO,-,-,29695,Mozilla/5.0  (iPhone; CPU iPhone OS 13_4 like Mac OS X) Gecko/20150101 Firefox/20.0.0.1618 (Chrome variation/248113,Firefox 20.0.0.1618,iOS 13.4,mobile,FALSE,FALSE,FALSE
1,43:43.5,-4.32E+18,,194.87.207.6,AU,-,-,60117,"Mozilla/5.0  (Linux; Android 4.1; Galaxy Nexus Build/JRN84D) AppleWebKit/537.36 (KHTML, like Gecko Chrome/46.0.2490.76 Mobile Safari/537.36 Browser",Chrome Mobile 46.0.2490,Android 4.1,mobile,FALSE,FALSE,FALSE
2,43:55.9,-3.28E+18,,81.167.144.58,NO,Vestland,Urangsvag,29695,"Mozilla/5.0  (iPad; CPU OS 7_1 like Mac OS X) AppleWebKit/533.1 (KHTML, like Gecko Version/4.0 Mobile Safari/533.1 variation/277457",Android 2.3.3.2672,iOS 7.1,mobile,TRUE,FALSE,FALSE
3,43:56.2,-4.32E+18,,170.39.78.152,US,-,-,393398,"Mozilla/5.0  (Linux; Android 4.1; Galaxy Nexus Build/JRN84D) Build/OPS27.82-19-4; wv AppleWebKit/537.36 (KHTML, like Gecko Version/4.0 Chrome/85.0.4183.127 Mobile Safari/537.36",Chrome Mobile WebView 85.0.4183,Android 4.1,mobile,FALSE,FALSE,FALSE
4,43:59.4,-4.62E+18,,10.0.0.47,US,Virginia,Ashburn,398986,"Mozilla/5.0  (Linux; U; Android 2.2) Build/NMA26.42-169; wv AppleWebKit/537.36 (KHTML, like Gecko Version/4.0 Chrome/85.0.4183.120 Mobile Safari/537.36",Chrome Mobile WebView 85.0.4183,Android 2.2,mobile,FALSE,TRUE,FALSE
5,44:05.2,-4.32E+18,,209.236.123.126,US,-,-,393398,"Mozilla/5.0  (Linux; Android 4.1; Galaxy Nexus Build/JRN84D) Build/NCQS26.69-64-5; wv AppleWebKit/537.36 (KHTML, like Gecko Version/4.0 Chrome/85.0.4183.127 Mobile Safari/537.36",Chrome Mobile WebView 85.0.4183,Android 4.1,mobile,FALSE,TRUE,FALSE
6,44:07.9,7.25E+18,,80.202.228.214,NO,-,-,15659,"Mozilla/5.066704189 Mozilla/5.0  (X11; CrOS x86_64 13020.67.3) AppleWebKit/537.36 (KHTML, like Gecko Chrome/69.0.3497.17.19.81 Safari/537.36",Chrome 69.0.3497.17.19,Chrome OS 13020.67.3,desktop,TRUE,FALSE,FALSE
7,44:12.8,-3.24E+18,,170.39.78.177,US,-,-,393398,"Mozilla/5.0 (Linux; Android 10.0.99; H30-U10) AppleWebKit/537.36 (KHTML, like Gecko) Chrome/81.0.4044.1931.96 Mobile Safari/537.36 variation/14113",Chrome Mobile 81.0.4044.1931,Android 10.0.99,mobile,FALSE,FALSE,FALSE
8,44:17.5,8.08E+18,,10.0.61.212,NO,-,-,29695,"Mozilla/5.0 (Linux; U; Android 7.1.2; en-gb; Redmi 4A Build/N2G47H) AppleWebKit/537.36 (KHTML, like Gecko) Version/4.0 Chrome/71.0.3578.141 Mobile Safari/537.36 XiaoMi/MiuiBrowser/12.6.5-go",MiuiBrowser 12.6.5,Android 7.1.2,mobile,FALSE,FALSE,FALSE
9,44:19.1,-3.07E+18,,92.221.109.162,NO,Rogaland,Sandnes,29695,"Mozilla/5.0 (Macintosh; Intel Mac OS X 10_14_6) AppleWebKit/537.36 (KHTML, like Gecko) Chrome/69.0.3497.17.28.92 Safari/537.36",Chrome 69.0.3497.17.28,Mac OS X 10.14.6,desktop,TRUE,FALSE,FALSE
10,44:19.3,5.93E+18,,84.48.61.135,NO,-,-,15659,"Mozilla/5.0 (Macintosh; Intel Mac OS X 10_14_6) AppleWebKit/537.36 (KHTML, like Gecko) Chrome/86.0.4202.0 Safari/537.36",Chrome 86.0.4202,Mac OS X 10.14.6,desktop,TRUE,FALSE,FALSE
11,44:24.8,-9.08E+18,,156.52.48.83,NO,Viken,Gressvik,29695,"Mozilla/5.0 (Macintosh; Intel Mac OS X 10_14_6) AppleWebKit/537.36 (KHTML, like Gecko) Chrome/79.0.3945.192.203.88 Safari/537.36",Chrome 79.0.3945.192.203,Mac OS X 10.14.6,desktop,TRUE,FALSE,FALSE
12,44:25.8,5.73E+18,,170.39.79.164,US,-,-,393398,"Mozilla/5.0  (Linux; Android 4.1; Galaxy Nexus Build/JRN84D) AppleWebKit/537.36 (KHTML, like Gecko Chrome/80.0.3987.162 Mobile Safari/537.36 PHX/5.0",Chrome Mobile 80.0.3987,Android 4.1,mobile,FALSE,FALSE,FALSE
13,44:26.8,-4.32E+18,,46.212.51.170,NO,Viken,Klofta,41164,"Mozilla/5.0  (X11; Linux armv7l) AppleWebKit/537.36 (KHTML, like Gecko Chrome/86.0.4240.378.111 Safari/537.36/BMhR5lqd-29/BMhR5lqd-29/BMhR5lqd-29",Chrome 86.0.4240.378,Chromecast 1.36.159268,desktop,FALSE,FALSE,FALSE
14,44:29.2,-4.32E+18,,10.0.67.86,NO,Troms og Finnmark,Bjornevatn,29695,"Mozilla/5.0  (iPad; CPU OS 7_1 like Mac OS X) AppleWebKit/533.1 (KHTML, like Gecko Version/4.0 Mobile Safari/533.1 variation/277457",Android 2.3.3.2672,iOS 7.1,mobile,FALSE,FALSE,FALSE
15,44:30.5,-8.30E+18,1123,82.147.58.93,NO,Oslo County,Oslo,29492,"Mozilla/5.0  (iPad; CPU OS 7_1 like Mac OS X) AppleWebKit/533.1 (KHTML, like Gecko Version/4.0 Mobile Safari/533.1 variation/277457",Android 2.3.3.2672,iOS 7.1,mobile,TRUE,FALSE,FALSE
16,44:31.9,-4.66E+18,,81.166.109.168,NO,Rogaland,Haugesund,29695,"Mozilla/5.0 (Macintosh; Intel Mac OS X 10_14_6) AppleWebKit/537.36 (KHTML, like Gecko) Chrome/86.0.4202.0 Safari/537.36",Chrome 86.0.4202,Mac OS X 10.14.6,desktop,TRUE,FALSE,FALSE
17,44:33.0,-4.32E+18,,115.69.219.34,ID,East Java,Surabaya,38778,"Mozilla/5.0  (iPhone; CPU iPhone OS 13_4 like Mac OS X) Plus Build/NCRS26.58-44-25; wv AppleWebKit/537.36 (KHTML, like Gecko Version/4.0 Chrome/85.0.4183.81 Mobile Safari/537.36",Chrome Mobile WebView 85.0.4183,iOS 13.4,mobile,FALSE,FALSE,FALSE
18,44:33.1,-4.32E+18,,46.183.175.255,NO,-,-,197475,"Mozilla/5.0 (X11; CrOS aarch64 11316.123.0) AppleWebKit/537.36 (KHTML, like Gecko) Chrome/72.0.3626.97 Safari/537.36",Chrome 72.0.3626,Chrome OS 11316.123.0,desktop,FALSE,FALSE,FALSE
19,44:33.2,1.21E+18,,10.0.77.207,NO,Oslo County,Oslo,29695,"Mozilla/5.0  (X11; CrOS armv7l 5978.98.0) AppleWebKit/537.36 (KHTML, like Gecko Chrome/69.0.3497.17.19.95 Safari/537.36",Chrome 69.0.3497.17.19,Chrome OS 5978.98.0,desktop,TRUE,FALSE,FALSE
20,44:36.5,6.39E+18,,109.247.53.244,NO,Agder,Byglandsfjord,29695,"Mozilla/5.0  (iPad; CPU OS 7_1 like Mac OS X) AppleWebKit/533.1 (KHTML, like Gecko Version/4.0 Mobile Safari/533.1 variation/277457",Android 2.3.3.2672,iOS 7.1,mobile,TRUE,FALSE,FALSE
21,44:39.6,-6.82E+18,,81.166.116.24,NO,Rogaland,Stavanger,29695,"Mozilla/5.0  (X11; CrOS armv7l 5978.98.0) AppleWebKit/537.36 (KHTML, like Gecko Chrome/90.0.4411.0 Safari/537.36 variation/1036",Chrome 90.0.4411,Chrome OS 5978.98.0,desktop,TRUE,FALSE,FALSE
22,44:40.2,9.13E+18,,38.135.39.102,US,-,-,393398,"Mozilla/5.0  (Linux; Android 4.1; Galaxy Nexus Build/JRN84D) AppleWebKit/537.36 (KHTML, like Gecko Chrome/51.0.2704.81 Mobile Safari/537.36 variation/42843",Chrome Mobile 51.0.2704,Android 4.1,mobile,FALSE,TRUE,FALSE
23,44:40.4,-4.32E+18,,92.220.92.118,BR,-,-,29695,"Mozilla/5.0  (iPad; CPU OS 7_1 like Mac OS X) AppleWebKit/533.1 (KHTML, like Gecko Version/4.0 Mobile Safari/533.1 variation/277457",Android 2.3.3.2672,iOS 7.1,mobile,FALSE,FALSE,FALSE
24,44:40.5,-4.32E+18,,23.137.225.84,US,-,-,393398,"Mozilla/5.0  (Mobile; Windows Phone 8.1; Android 4.0; ARM; Trident/7.0; Touch; https://github.com/das-group/rba-dataset; IEMobile/11.0; Microsoft; Lumia 430 Dual SIM) AppleWebKit/537.36 (KHTML, like Gecko Chrome/80.0.3987.99 Mobile Safari/537.36 PHX/5.5",Chrome Mobile 80.0.3987,Windows Phone 8.1,mobile,FALSE,FALSE,FALSE
25,44:41.7,7.03E+18,,89.162.71.53,NO,Nordland,Mo i Rana,29695,"Mozilla/5.0  (iPad; CPU OS 7_1 like Mac OS X) AppleWebKit/533.1 (KHTML, like Gecko Version/4.0 Mobile Safari/533.1 variation/277457",Android 2.3.3.2672,iOS 7.1,mobile,TRUE,FALSE,FALSE
26,44:42.0,-4.32E+18,,199.26.84.48,US,-,-,393398,"Mozilla/5.0  (Linux; Android 4.1; Galaxy Nexus Build/JRN84D) Plus AppleWebKit/537.36 (KHTML, like Gecko Chrome/81.0.4044.1943.123 Mobile Safari/537.36",Chrome Mobile 81.0.4044.1943,Android 4.1,mobile,FALSE,FALSE,FALSE
27,44:43.7,8.93E+18,,10.0.113.42,NO,Oslo County,Oslo,500034,"Mozilla/5.0 (Macintosh; Intel Mac OS X 10_14_6) AppleWebKit/537.36 (KHTML, like Gecko) Chrome/69.0.3497.17.19.92 Safari/537.36",Chrome 69.0.3497.17.19,Mac OS X 10.14.6,desktop,TRUE,FALSE,FALSE
28,44:44.5,-4.32E+18,,79.161.39.219,NO,Viken,Solbergelva,29695,"Mozilla/5.0  (Macintosh; Intel Mac OS X 10_14_6) AppleWebKit/537.36 (KHTML, like Gecko Chrome/90.0.4411.0 Safari/537.36",Chrome 90.0.4411,Mac OS X 10.14.6,desktop,FALSE,FALSE,FALSE
29,44:45.5,-6.90E+18,,176.107.153.76,PL,Mazovia,Warsaw,205727,"Mozilla/5.0  (Linux; Android 9.7 Tiger Ginger; QMobile i12) plus Build/QPI30.28-Q3-28-26; wv AppleWebKit/537.36 (KHTML, like Gecko Version/4.0 Chrome/85.0.4183.127 Mobile Safari/537.36 EdgW/1.0",Chrome Mobile WebView 85.0.4183,Android 9.7,mobile,TRUE,FALSE,FALSE
30,44:45.9,1.81E+18,,80.203.221.4,NO,Viken,Hokksund,15659,"Mozilla/5.0  (iPad; CPU OS 7_1 like Mac OS X) AppleWebKit/533.1 (KHTML, like Gecko Version/4.0 Mobile Safari/533.1 variation/277457",Android 2.3.3.2672,iOS 7.1,mobile,TRUE,FALSE,FALSE
31,44:46.0,2.05E+18,,152.93.187.81,NO,-,-,29695,"Mozilla/5.0  (Macintosh; Intel Mac OS X 11_6_3) AppleWebKit/537.36 (KHTML, like Gecko Chrome/79.0.3945.192.207.130 Safari/537.36 RuxitSynthetic/1.0 v5051195742 t8347097904287973985",Chrome 79.0.3945.192.207,Mac OS X 11.6.3,desktop,TRUE,FALSE,FALSE
32,44:46.8,-4.32E+18,,156.52.54.27,NO,Viken,Gressvik,29695,"Mozilla/5.0  (Macintosh; U; Intel Mac OS X 10_6_2; en-us) AppleWebKit/537.36 (KHTML, like Gecko Chrome/85.0.4163.0 Safari/537.36",Chrome 85.0.4163,Mac OS X 10.6.2,desktop,FALSE,FALSE,FALSE
33,44:47.7,-6.93E+18,,79.161.194.240,NO,Vestland,Sagvag,29695,"Mozilla/5.0  (X11; CrOS x86_64 13505.73.0) AppleWebKit/537.36 (KHTML, like Gecko Chrome/72.0.3626.56.121 Safari/537.36",Chrome 72.0.3626.56,Chrome OS 13505.73.0,desktop,TRUE,FALSE,FALSE
34,44:49.0,-4.32E+18,,10.0.80.237,PL,Mazovia,Zielonka,205727,"Mozilla/5.0  (Linux; U; Android 2.2) AppleWebKit/537.36 (KHTML, like Gecko Version/4.0 Focus/3.5.2 Chrome/85.0.4183.81 Mobile Safari/537.36",Chrome Mobile WebView 85.0.4183,Android 2.2,mobile,FALSE,FALSE,FALSE
35,44:49.8,2.70E+18,,141.0.88.74,NO,Rogaland,Sandnes,29695,"Mozilla/5.0  (iPad; CPU OS 7_1 like Mac OS X) AppleWebKit/533.1 (KHTML, like Gecko Version/4.0 Mobile Safari/533.1 variation/277457",Android 2.3.3.2672,iOS 7.1,mobile,TRUE,FALSE,FALSE
36,44:50.7,-5.38E+18,,115.69.219.34,ID,East Java,Surabaya,38778,"Mozilla/5.0  (iPhone; CPU iPhone OS 13_4 like Mac OS X) Plus Build/NCRS26.58-44-25; wv AppleWebKit/537.36 (KHTML, like Gecko Version/4.0 Chrome/85.0.4183.81 Mobile Safari/537.36",Chrome Mobile WebView 85.0.4183,iOS 13.4,mobile,TRUE,FALSE,FALSE
37,44:51.9,3.97E+18,,84.209.221.148,NO,Viken,Finstadjordet,41164,"Mozilla/5.0  (iPhone; CPU iPhone OS 11_2_6 like Mac OS X) Build/PKQ1.190522.001; wv AppleWebKit/537.36 (KHTML, like Gecko Version/4.0 Chrome/85.0.4183.81 Mobile Safari/537.36",Chrome Mobile WebView 85.0.4183,iOS 11.2.6,mobile,FALSE,FALSE,FALSE
38,44:55.5,-5.33E+18,,10.0.108.181,NO,Vestland,Frekhaug,500127,"Mozilla/5.0 (Macintosh; Intel Mac OS X 10_14_6) AppleWebKit/537.36 (KHTML, like Gecko) Chrome/78.0.3904.108 Safari/537.36 OPR/65.0.3467.72",Opera 65.0.3467,Mac OS X 10.14.6,desktop,TRUE,FALSE,FALSE
39,44:56.8,8.84E+18,,92.220.43.111,NO,Vestland,Bergen,29695,"Mozilla/5.0 (Macintosh; Intel Mac OS X 10_14_6) AppleWebKit/537.36 (KHTML, like Gecko) Chrome/69.0.3497.17.19.92 Safari/537.36",Chrome 69.0.3497.17.19,Mac OS X 10.14.6,desktop,TRUE,FALSE,FALSE
40,44:56.8,7.47E+18,,158.149.143.223,NO,-,-,29492,"Mozilla/5.0 (Macintosh; Intel Mac OS X 10_14_6) AppleWebKit/537.36 (KHTML, like Gecko) Chrome/69.0.3497.17.19.92 Safari/537.36",Chrome 69.0.3497.17.19,Mac OS X 10.14.6,desktop,TRUE,FALSE,FALSE
41,44:57.3,-7.00E+18,30,81.167.44.40,NO,Oslo County,Oslo,29695,Mozilla/5.0  (iPhone; CPU iPhone OS 11_2_6 like Mac OS X) Gecko/20081407 Firefox/20.0.0.1618 variation/193375,Firefox 20.0.0.1618,iOS 11.2.6,mobile,TRUE,FALSE,FALSE
42,44:58.4,1.46E+18,,10.0.77.213,NO,Oslo County,Oslo,29695,"Mozilla/5.0  (X11; CrOS armv7l 5978.98.0) AppleWebKit/537.36 (KHTML, like Gecko Chrome/71.0.3578.36.30 Safari/537.36",Chrome 71.0.3578.36,Chrome OS 5978.98.0,desktop,TRUE,FALSE,FALSE
43,45:00.2,-2.12E+18,,156.52.61.165,NO,Viken,Gressvik,29695,"Mozilla/5.0  (iPad; CPU OS 7_1 like Mac OS X) AppleWebKit/523.10 (KHTML, like Gecko Version/4.0 Mobile Safari/523.10 variation/277398",Android 2.0.0.2442,iOS 7.1,mobile,TRUE,FALSE,FALSE
44,45:04.5,4.54E+18,,10.0.66.212,NO,Vestfold og Telemark,Ulefoss,29695,"Mozilla/5.0 (Macintosh; Intel Mac OS X 10_14_6) AppleWebKit/537.36 (KHTML, like Gecko) Chrome/69.0.3497.17.19.92 Safari/537.36",Chrome 69.0.3497.17.19,Mac OS X 10.14.6,desktop,TRUE,FALSE,FALSE
45,45:04.6,-4.32E+18,,23.137.225.84,US,-,-,393398,"Mozilla/5.0  (Mobile; Windows Phone 8.1; Android 4.0; ARM; Trident/7.0; Touch; https://github.com/das-group/rba-dataset; IEMobile/11.0; Microsoft; Lumia 430 Dual SIM) AppleWebKit/537.36 (KHTML, like Gecko Chrome/80.0.3987.99 Mobile Safari/537.36 PHX/5.5",Chrome Mobile 80.0.3987,Windows Phone 8.1,mobile,FALSE,FALSE,FALSE
46,45:05.3,-4.32E+18,,10.0.105.195,IN,-,-,45916,Mozilla/5.0  (iPhone; CPU iPhone OS 11_2_6 like Mac OS X) Gecko/20150101 Firefox/20.0.0.1618 (Chrome variation/193385,Firefox 20.0.0.1618,iOS 11.2.6,mobile,FALSE,FALSE,FALSE
47,45:06.6,-4.32E+18,,199.26.84.153,US,-,-,393398,Mozilla/5.0  (Linux; Android 4.1; Galaxy Nexus Build/JRN84D) Gecko/20150101 Firefox/20.0.0.1670 (Chrome,Firefox 20.0.0.1670,Android 4.1,mobile,FALSE,FALSE,FALSE
48,45:07.2,-1.86E+18,,158.248.221.20,NO,-,-,29695,"Mozilla/5.0 (Macintosh; Intel Mac OS X 10_14_6) AppleWebKit/537.36 (KHTML, like Gecko) Chrome/69.0.3497.17.19.92 Safari/537.36",Chrome 69.0.3497.17.19,Mac OS X 10.14.6,desktop,TRUE,FALSE,FALSE
49,45:09.6,-4.32E+18,,82.147.51.1,NO,Innlandet,Nord-Fron,29492,"Mozilla/5.0 (Linux; U; Android 13.0; i phone X Build/NRD90M; wv) AppleWebKit/537.36 (KHTML, like Gecko) Version/4.0 Chrome/85.0.4183.127 Mobile Safari/537.36 OPR/52.1.2254.54298",Opera Mobile 52.1.2254,Android 13.0,mobile,FALSE,FALSE,FALSE
50,45:10.6,-4.32E+18,,158.149.66.181,NO,-,-,29492,"Mozilla/5.0  (iPad; CPU OS 8_2 like Mac OS X) AppleWebKit/533.1 (KHTML, like Gecko Version/4.0 Mobile Safari/533.1",Android 2.3.6,iOS 8.2,mobile,FALSE,FALSE,FALSE
51,45:11.6,5.02E+18,476,84.234.159.249,NO,Oslo County,Oslo,29695,"Mozilla/5.0  (iPad; CPU OS 7_1 like Mac OS X) AppleWebKit/533.1 (KHTML, like Gecko Version/4.0 Mobile Safari/533.1 variation/294298",Android 2.3.3.2672,iOS 7.1,tablet,FALSE,FALSE,FALSE
52,45:13.7,-3.52E+18,,209.236.117.198,US,-,-,393398,"Mozilla/5.0  (Mobile; Windows Phone 8.1; Android 4.0; ARM; Trident/7.0; Touch; https://github.com/das-group/rba-dataset; IEMobile/11.0; Microsoft; Lumia 430 Dual SIM) AppleWebKit/537.36 (KHTML, like Gecko Chrome/84.0.4147.89 Mobile Safari/537.36 PHX/6.2",Chrome Mobile 84.0.4147,Windows Phone 8.1,mobile,TRUE,TRUE,FALSE
53,45:14.1,-4.32E+18,,10.0.74.27,NO,Innlandet,Grinder,29695,"Mozilla/5.0  (iPhone; CPU iPhone OS 11_2_6 like Mac OS X) AppleWebKit/537.36 (KHTML, like Gecko Version/4.0 Chrome/85.0.4183.101 Mobile Safari/537.36Snapchat11.1.1.66 (S52; Android 9#LTE_D0201121.E_S52_0.021.01#28; gzip",Chrome Mobile WebView 85.0.4183,iOS 11.2.6,mobile,FALSE,FALSE,FALSE
54,45:14.2,-3.46E+18,,79.161.131.106,NO,Vestfold og Telemark,Kragero,29695,"Mozilla/5.0 (Macintosh; Intel Mac OS X 10_14_6) AppleWebKit/537.36 (KHTML, like Gecko) Chrome/69.0.3497.17.19.92 Safari/537.36",Chrome 69.0.3497.17.19,Mac OS X 10.14.6,desktop,TRUE,FALSE,FALSE
55,45:14.3,-4.32E+18,,80.203.223.105,NO,Viken,Hokksund,15659,"Mozilla/5.0 (Macintosh; Intel Mac OS X 10_14_0) AppleWebKit/537.36 (KHTML, like Gecko) Chrome/86.0.4240.378.379.80 Safari/537.36",Chrome 86.0.4240.378.379,Mac OS X 10.14.0,desktop,FALSE,FALSE,FALSE
56,45:14.3,-4.32E+18,,23.137.225.255,US,-,-,393398,"Mozilla/5.0  (iPhone; CPU iPhone OS 11_2_6 like Mac OS X) Build/PPSS29.118-15-11-5 AppleWebKit/537.36 (KHTML, like Gecko Chrome/80.0.3987.87 Mobile Safari/537.36 OPT/2.2",Chrome Mobile 80.0.3987,iOS 11.2.6,mobile,FALSE,FALSE,FALSE
57,45:14.6,-4.32E+18,,79.161.201.19,NO,Viken,Krakeroy,29695,"Mozilla/5.0  (iPad; CPU OS 8_2 like Mac OS X) AppleWebKit/533.1 (KHTML, like Gecko Version/4.0 Mobile Safari/533.1 variation/294317",Android 2.3.6,iOS 8.2,tablet,FALSE,FALSE,FALSE
58,45:14.8,-4.32E+18,,46.250.196.206,NO,Rogaland,Haugesund,28824,"Mozilla/5.0 (Macintosh; Intel Mac OS X 10_14_6) AppleWebKit/537.36 (KHTML, like Gecko) Chrome/69.0.3497.17.19.92 Safari/537.36",Chrome 69.0.3497.17.19,Mac OS X 10.14.6,desktop,FALSE,FALSE,FALSE
59,45:14.8,6.27E+18,,156.52.83.9,BR,-,-,29695,"Mozilla/5.0  (iPad; CPU OS 7_1 like Mac OS X) AppleWebKit/537.36 (KHTML, like Gecko Version/4.0 Chrome/80.0.3987.132 Mobile Safari/537.36 OPR/52.1.2254.2413.54484",Opera Mobile 52.1.2254.2413,iOS 7.1,mobile,TRUE,FALSE,FALSE
60,45:16.5,-6.62E+18,,170.82.7.240,BR,Sao Paulo,Artur Nogueira,266433,"Mozilla/5.0 (Macintosh; Intel Mac OS X 10_14_6) AppleWebKit/537.36 (KHTML, like Gecko) Chrome/69.0.3497.17.19.92 Safari/537.36",Chrome 69.0.3497.17.19,Mac OS X 10.14.6,desktop,FALSE,TRUE,FALSE
61,45:17.5,-4.32E+18,,78.91.32.1,NO,-,-,224,"Mozilla/5.0  (X11; Linux aarch64) AppleWebKit/537.36 (KHTML, like Gecko Chrome/69.0.3497.17.19.100 Safari/537.36",Chrome 69.0.3497.17.19,Chromecast 1.52.251747,desktop,FALSE,FALSE,FALSE
62,45:19.0,6.01E+18,,78.91.110.17,NO,TrÃ¸ndelag,Trondheim,224,"Mozilla/5.0 (Macintosh; Intel Mac OS X 10_14_6) AppleWebKit/537.36 (KHTML, like Gecko) Chrome/72.0.3626.67.109 Safari/537.36",Chrome 72.0.3626.67,Mac OS X 10.14.6,desktop,TRUE,FALSE,FALSE
63,45:19.8,-4.32E+18,,65.111.191.14,US,Florida,Miami,15083,"Mozilla/5.0  (iPhone; CPU iPhone OS 9_3_1 like Mac OS X) plus Build/PTA29.401-58; wv AppleWebKit/537.36 (KHTML, like Gecko Version/4.0 Chrome/85.0.4183.101 Mobile Safari/537.36",Chrome Mobile WebView 85.0.4183,iOS 9.3.1,mobile,FALSE,FALSE,FALSE
64,45:20.1,-4.32E+18,,158.149.101.124,NO,Innlandet,Folldal,29492,"Mozilla/5.0  (Macintosh; Intel Mac OS X 10_14_6) AppleWebKit/537.36 (KHTML, like Gecko Chrome/90.0.4411.0 Safari/537.36 variation/9157",Chrome 90.0.4411,Mac OS X 10.14.6,desktop,FALSE,FALSE,FALSE
65,45:20.2,7.77E+18,,84.234.164.239,NO,Rogaland,Stavanger,29695,"Mozilla/5.0 (Macintosh; Intel Mac OS X 10_14_6) AppleWebKit/537.36 (KHTML, like Gecko) Chrome/69.0.3497.17.19.92 Safari/537.36",Chrome 69.0.3497.17.19,Mac OS X 10.14.6,desktop,TRUE,FALSE,FALSE
66,45:20.5,-5.12E+18,,109.247.231.192,NO,Vestfold og Telemark,Langangen,29695,"Mozilla/5.0  (iPad; CPU OS 7_1 like Mac OS X) AppleWebKit/533.1 (KHTML, like Gecko Version/4.0 Mobile Safari/533.1 variation/277457",Android 2.3.3.2672,iOS 7.1,mobile,TRUE,FALSE,FALSE
67,45:20.8,-4.32E+18,,23.137.225.255,US,-,-,393398,"Mozilla/5.0  (iPhone; CPU iPhone OS 11_2_6 like Mac OS X) Build/PPSS29.118-15-11-5 AppleWebKit/537.36 (KHTML, like Gecko Chrome/80.0.3987.87 Mobile Safari/537.36 OPT/2.2",Chrome Mobile 80.0.3987,iOS 11.2.6,mobile,FALSE,FALSE,FALSE
68,45:21.4,-6.46E+17,,10.0.116.246,NO,-,-,500001,"Mozilla/5.0  (Macintosh; Intel Mac OS X 10_14_6) AppleWebKit/537.36 (KHTML, like Gecko Chrome/90.0.4411.0 Safari/537.36",Chrome 90.0.4411,Mac OS X 10.14.6,desktop,TRUE,FALSE,FALSE
69,45:22.4,-4.04E+18,,152.93.111.140,NO,Rogaland,Sandnes,29695,"Mozilla/5.0 (Macintosh; Intel Mac OS X 10_14_6) AppleWebKit/537.36 (KHTML, like Gecko) Chrome/69.0.3497.17.19.92 Safari/537.36",Chrome 69.0.3497.17.19,Mac OS X 10.14.6,desktop,TRUE,FALSE,FALSE
70,45:23.0,8.06E+18,,10.0.56.220,NO,-,-,29695,"Mozilla/5.0 (Linux; U; Android 13.0; i phone X Build/NRD90M; wv) AppleWebKit/537.36 (KHTML, like Gecko) Version/4.0 Chrome/85.0.4183.127 Mobile Safari/537.36 OPR/52.1.2254.54298",Opera Mobile 52.1.2254,Android 13.0,mobile,FALSE,FALSE,FALSE
71,45:24.2,8.44E+18,,10.0.160.77,NO,Viken,Sem,500136,"Mozilla/5.0 (Macintosh; Intel Mac OS X 10_14_6) AppleWebKit/537.36 (KHTML, like Gecko) Chrome/86.0.4202.0 Safari/537.36",Chrome 86.0.4202,Mac OS X 10.14.6,desktop,TRUE,FALSE,FALSE
72,45:24.6,8.76E+18,,92.220.155.110,NO,Vestland,Bergen,29695,"Mozilla/5.0  (X11; CrOS armv7l 5978.98.0) AppleWebKit/537.36 (KHTML, like Gecko Chrome/69.0.3497.17.19.95 Safari/537.36",Chrome 69.0.3497.17.19,Chrome OS 5978.98.0,desktop,FALSE,FALSE,FALSE
73,45:25.0,-4.32E+18,,113.21.74.160,IN,West Bengal,Kolkata,45775,"Mozilla/5.0  (iPhone; CPU iPhone OS 13_4 like Mac OS X) Plus Build/OPS28.65-36-14; wv AppleWebKit/537.36 (KHTML, like Gecko Version/4.0 Chrome/80.0.3987.132 Mobile Safari/537.36",Chrome Mobile WebView 80.0.3987,iOS 13.4,mobile,FALSE,FALSE,FALSE
74,45:25.2,-7.88E+17,,156.52.54.27,NO,Viken,Gressvik,29695,"Mozilla/5.0  (Macintosh; U; Intel Mac OS X 10_6_2; en-us) AppleWebKit/537.36 (KHTML, like Gecko Chrome/85.0.4163.0 Safari/537.36",Chrome 85.0.4163,Mac OS X 10.6.2,desktop,FALSE,FALSE,FALSE
75,45:25.4,-6.19E+18,,66.68.233.240,US,Texas,McAllen,11427,"Mozilla/5.0  (iPhone; CPU iPhone OS 11_2_5 like Mac OS X) AppleWebKit/537.36 (KHTML, like Gecko Version/4.0 Chrome/85.0.4183.120 Safari/537.36",Chrome Mobile WebView 85.0.4183,iOS 11.2.5,mobile,FALSE,FALSE,FALSE
76,45:25.7,9.01E+18,467,51.175.159.252,NO,Oslo County,Oslo,29695,"Mozilla/5.0  (Linux; Android 4.1; Galaxy Nexus Build/JRN84D) AppleWebKit/537.36 (KHTML, like Gecko Chrome/69.0.3497.17.19.120 Safari/537.36",Chrome 69.0.3497.17.19,Android 4.1,tablet,TRUE,FALSE,FALSE
77,45:27.0,-3.93E+18,,187.73.163.218,BR,Minas Gerais,Machado,28654,"Mozilla/5.0 (Macintosh; Intel Mac OS X 10_14_6) AppleWebKit/537.36 (KHTML, like Gecko) Chrome/69.0.3497.17.19.92 Safari/537.36",Chrome 69.0.3497.17.19,Mac OS X 10.14.6,desktop,FALSE,FALSE,FALSE
78,45:27.2,-2.59E+18,,152.93.19.142,NO,Rogaland,Sandnes,29695,"Mozilla/5.0  (iPhone; CPU iPhone OS 13_5_5 like Mac OS X) AppleWebKit/523.10 (KHTML, like Gecko Version/4.0 Mobile Safari/523.10",Android 2.0,iOS 13.5.5,mobile,TRUE,FALSE,FALSE
79,45:27.8,4.14E+18,,80.203.192.188,NO,Oslo County,Oslo,15659,"Mozilla/5.0 (X11; CrOS armv7l 11316.123.0) AppleWebKit/537.36 (KHTML, like Gecko) Chrome/72.0.3626.55.97 Safari/537.36",Chrome 72.0.3626.55,Chrome OS 11316.123.0,desktop,TRUE,FALSE,FALSE
80,45:30.2,-4.32E+18,,10.0.1.33,DK,-,-,502157,"Mozilla/5.0  (iPhone; CPU iPhone OS 13_5_1 like Mac OS X) AppleWebKit/537.36 (KHTML, like Gecko Version/4.0 Chrome/85.0.4183.127 Mobile Safari/537.36 PHX/4.3",Chrome Mobile WebView 85.0.4183,iOS 13.5.1,mobile,FALSE,TRUE,FALSE
81,45:30.3,-4.32E+18,,103.20.90.20,ID,East Java,Surabaya,58381,Opera/9.80  (iPhone; CPU iPhone OS 10_0_1 like Mac OS X) Presto/2.12.423 Version/12.16,Opera Mini 19.0.2254,iOS 10.0.1,mobile,FALSE,FALSE,FALSE
82,45:31.2,7.31E+18,,176.107.143.231,PL,Mazovia,Warsaw,205727,Mozilla/5.0  (iPhone; CPU iPhone OS 11_2_6 like Mac OS X) Gecko/20100101 Firefox/20.0.0.1681 variation/194641,Firefox 20.0.0.1681,iOS 11.2.6,mobile,TRUE,FALSE,FALSE
83,45:31.6,-4.32E+18,,158.149.139.54,NO,-,-,29492,Mozilla/5.0  (iPhone; CPU iPhone OS 11_2_6 like Mac OS X) Gecko/20100101 Firefox/20.0.0.1618 variation/193387,Firefox 20.0.0.1618,iOS 11.2.6,mobile,FALSE,FALSE,FALSE
84,45:31.6,4.62E+18,,92.221.154.154,NO,MÃ¸re og Romsdal,Kleppe,29695,"Mozilla/5.0  (iPad; CPU OS 7_1 like Mac OS X) AppleWebKit/533.1 (KHTML, like Gecko Version/4.0 Mobile Safari/533.1 variation/277457",Android 2.3.3.2672,iOS 7.1,mobile,TRUE,FALSE,FALSE
85,45:32.8,-7.43E+17,,80.203.214.75,NO,Viken,Hokksund,15659,"Mozilla/5.0 (X11; CrOS aarch64 11316.123.0) AppleWebKit/537.36 (KHTML, like Gecko) Chrome/72.0.3626.56.97 Safari/537.36",Chrome 72.0.3626.56,Chrome OS 11316.123.0,desktop,TRUE,FALSE,FALSE
86,45:33.0,4.69E+17,,66.68.93.191,US,Texas,Austin,11427,Mozilla/5.0  (iPhone; CPU iPhone OS 11_2_6 like Mac OS X) Gecko/20150101 Firefox/20.0.0.1618 (Chrome variation/193360,Firefox 20.0.0.1618,iOS 11.2.6,mobile,TRUE,FALSE,FALSE
87,45:35.6,1.55E+18,,10.0.160.26,NO,-,-,8478,"Mozilla/5.0  (iPhone; CPU iPhone OS 13_4 like Mac OS X) AppleWebKit/537.36 (KHTML, like Gecko Version/4.0 Chrome/85.0.4183.69 Mobile Safari/537.36 SamsungBrowser/CrossApp/0.1.89",Chrome Mobile WebView 85.0.4183,iOS 13.4,mobile,FALSE,FALSE,FALSE
88,45:36.3,2.07E+18,,37.97.17.9,NO,-,-,29695,"Mozilla/5.0  (X11; Linux aarch64) AppleWebKit/537.36 (KHTML, like Gecko Chrome/69.0.3497.17.19.100 Safari/537.36",Chrome 69.0.3497.17.19,Chromecast 1.52.251747,desktop,TRUE,FALSE,FALSE
89,45:36.4,4.94E+17,,37.148.220.204,AU,-,-,60117,"Mozilla/5.0  (Linux; Android 4.1; Galaxy Nexus Build/JRN84D) AppleWebKit/537.36 (KHTML, like Gecko Version/4.0 Chrome/85.0.4183.127 Mobile Safari/537.36 AlohaLite/1.5.0 AlohaBrowser/2.14.1",Chrome Mobile WebView 85.0.4183,Android 4.1,mobile,TRUE,TRUE,FALSE
90,45:36.6,-5.62E+18,,158.248.40.182,NO,Vestland,Bergen,29695,"Mozilla/5.0  (iPad; CPU OS 7_1 like Mac OS X) AppleWebKit/523.10 (KHTML, like Gecko Version/4.0 Mobile Safari/523.10 variation/277398",Android 2.0.0.2442,iOS 7.1,mobile,FALSE,FALSE,FALSE
91,45:37.3,-4.32E+18,,176.97.52.166,PL,Warmia-Masuria,Bartoszyce,201637,"Mozilla/5.0  (Linux; Android 4.1; Galaxy Nexus Build/JRN84D) AppleWebKit/533.1 (KHTML, like Gecko Version/4.0 Mobile Safari/533.1 variation/41639",Android 2.2.0.2630,Android 4.1,mobile,FALSE,FALSE,FALSE
92,45:37.7,-4.32E+18,,109.74.191.177,NO,Viken,Naersnes,8478,"Mozilla/5.0 (Macintosh; Intel Mac OS X 10_14_6) AppleWebKit/537.36 (KHTML, like Gecko) Chrome/69.0.3497.17.19.92 Safari/537.36",Chrome 69.0.3497.17.19,Mac OS X 10.14.6,desktop,FALSE,FALSE,FALSE
93,45:38.2,4.59E+18,,109.247.220.88,NO,Vestland,Bergen,29695,"Mozilla/5.0 (Macintosh; Intel Mac OS X 10_14_6) AppleWebKit/537.36 (KHTML, like Gecko) Chrome/86.0.4202.0 Safari/537.36",Chrome 86.0.4202,Mac OS X 10.14.6,desktop,TRUE,FALSE,FALSE
94,45:40.1,-6.37E+18,,109.74.176.207,NO,Oslo County,Oslo,8478,"Mozilla/5.0  (Macintosh; Intel Mac OS X 10_14_6) AppleWebKit/537.36 (KHTML, like Gecko Chrome/90.0.4411.0 Safari/537.36",Chrome 90.0.4411,Mac OS X 10.14.6,desktop,TRUE,FALSE,FALSE
95,45:40.9,-4.32E+18,,77.106.146.79,NO,Innlandet,Raufoss,29492,"Mozilla/5.0  (X11; CrOS armv7l 5978.98.0) AppleWebKit/537.36 (KHTML, like Gecko Chrome/90.0.4411.0 Safari/537.36",Chrome 90.0.4411,Chrome OS 5978.98.0,desktop,FALSE,FALSE,FALSE
96,45:42.3,-3.24E+18,,170.39.78.177,US,-,-,393398,"Mozilla/5.0 (Linux; Android 10.0.99; H30-U10) AppleWebKit/537.36 (KHTML, like Gecko) Chrome/81.0.4044.1931.96 Mobile Safari/537.36 variation/14113",Chrome Mobile 81.0.4044.1931,Android 10.0.99,mobile,TRUE,FALSE,FALSE
97,45:43.1,1.16E+18,,109.247.25.17,NO,Agder,Lindesnes,29695,"Mozilla/5.0 (Macintosh; Intel Mac OS X 10_14_6) AppleWebKit/537.36 (KHTML, like Gecko) Chrome/69.0.3497.17.19.92 Safari/537.36",Chrome 69.0.3497.17.19,Mac OS X 10.14.6,desktop,TRUE,FALSE,FALSE
98,45:44.4,3.85E+17,,23.137.225.194,US,-,-,393398,Mozilla/5.0  (iPhone; CPU iPhone OS 14_2_1 like Mac OS X) Gecko/20100101 Firefox/20.0.0.1618 variation/271897,Firefox 20.0.0.1618,iOS 14.2.1,mobile,FALSE,FALSE,FALSE
99,45:44.6,-5.01E+18,,10.0.62.13,NO,Viken,Trollasen,29695,"Mozilla/5.0  (iPad; CPU OS 7_1 like Mac OS X) AppleWebKit/537.36 (KHTML, like Gecko Chrome/87.0.4280.408.410.141 Safari/537.36/1wDXXBuW-20",Chrome 87.0.4280.408.410,iOS 7.1,mobile,TRUE,FALSE,FALSE
100,45:44.8,-2.28E+18,,37.191.196.113,NO,Oslo County,Oslo,57963,"Mozilla/5.0 (Macintosh; Intel Mac OS X 10_14_6) AppleWebKit/537.36 (KHTML, like Gecko) Chrome/86.0.4202.0 Safari/537.36",Chrome 86.0.4202,Mac OS X 10.14.6,desktop,TRUE,FALSE,FALSE
101,45:46.9,4.95E+18,,81.166.160.19,NO,Viken,Mjondalen,29695,"Mozilla/5.0  (iPad; CPU OS 7_1 like Mac OS X) AppleWebKit/533.1 (KHTML, like Gecko Version/4.0 Mobile Safari/533.1 variation/277457",Android 2.3.3.2672,iOS 7.1,mobile,TRUE,FALSE,FALSE
102,45:49.9,-4.32E+18,,156.52.83.9,BR,-,-,29695,"Mozilla/5.0  (iPad; CPU OS 7_1 like Mac OS X) AppleWebKit/537.36 (KHTML, like Gecko Version/4.0 Chrome/80.0.3987.132 Mobile Safari/537.36 OPR/52.1.2254.2413.54484",Opera Mobile 52.1.2254.2413,iOS 7.1,mobile,FALSE,FALSE,FALSE
103,45:51.7,-4.32E+18,,23.137.224.144,US,-,-,393398,"Mozilla/5.0  (Linux; Android 5.5.1; CHM-U01) AppleWebKit/537.36 (KHTML, like Gecko Version/4.0 Chrome/85.0.4183.101 Mobile Safari/537.36Snapchat11.0.6.82 (SM-A520F; Android 8.0.0#A520FXXSFCTG8#26; gzip",Chrome Mobile WebView 85.0.4183,Android 5.5.1,mobile,FALSE,FALSE,FALSE
104,45:51.8,5.96E+18,,88.218.208.3,DE,-,-,207253,"Mozilla/5.0  (iPhone; CPU iPhone OS 11_2_6 like Mac OS X) Build/OPM1.171019.026; wv AppleWebKit/537.36 (KHTML, like Gecko Version/4.0 Chrome/80.0.3987.162 Mobile Safari/537.36",Chrome Mobile WebView 80.0.3987,iOS 11.2.6,mobile,TRUE,FALSE,FALSE
105,45:52.3,-3.04E+18,,139.164.104.59,NO,-,-,29695,"Mozilla/5.0 (Macintosh; Intel Mac OS X 10_14_6) AppleWebKit/537.36 (KHTML, like Gecko) Chrome/69.0.3497.17.19.92 Safari/537.36",Chrome 69.0.3497.17.19,Mac OS X 10.14.6,desktop,TRUE,FALSE,FALSE
106,45:53.0,5.85E+18,,95.169.60.0,NO,Innlandet,Lillehammer,29492,"Mozilla/5.0  (Macintosh; Intel Mac OS X 10_14_6) AppleWebKit/537.36 (KHTML, like Gecko Chrome/90.0.4411.0 Safari/537.36 variation/9184",Chrome 90.0.4411,Mac OS X 10.14.6,desktop,TRUE,FALSE,FALSE
107,45:53.3,6.31E+18,,92.221.250.22,NO,Viken,Sandvika,29695,"Mozilla/5.0  (X11; CrOS armv7l 5978.98.0) AppleWebKit/537.36 (KHTML, like Gecko Chrome/79.0.3945.192.218.130 Safari/537.36 RuxitSynthetic/1.0 v4961506560 t8347097904287973985",Chrome 79.0.3945.192.218,Chrome OS 5978.98.0,desktop,TRUE,FALSE,FALSE
108,45:53.6,-5.08E+18,413,10.0.61.93,NO,Oslo County,Oslo,29695,"Mozilla/5.0  (Linux; Android 8.1; LT950 PRO Build/MRA58K; wv) AppleWebKit/533.1 (KHTML, like Gecko Version/4.0 Mobile Safari/533.1 variation/126060",Android 2.3.6,Android 8.1,mobile,TRUE,FALSE,FALSE
109,45:53.8,-4.98E+18,,37.191.170.240,NO,Oslo County,Oslo,57963,"Mozilla/5.0  (iPhone; CPU iPhone OS 11_2_6 like Mac OS X) AppleWebKit/537.36 (KHTML, like Gecko Version/4.0 Rocket/2.5.1(20468 Chrome/85.0.4183.101 Mobile Safari/537.36",Chrome Mobile WebView 85.0.4183,iOS 11.2.6,mobile,FALSE,FALSE,FALSE
110,45:54.5,-4.32E+18,,156.52.83.9,BR,-,-,29695,"Mozilla/5.0  (Windows NT 5.1) AppleWebKit/537.36 (KHTML, like Gecko Chrome/72.0.3626.58.122 Safari/537.36",Chrome 72.0.3626.58,Windows XP,desktop,FALSE,FALSE,FALSE
111,45:54.9,-4.32E+18,,209.236.117.212,US,-,-,393398,"Mozilla/5.0  (iPhone; CPU iPhone OS 11_2_6 like Mac OS X) AppleWebKit/537.36 (KHTML, like Gecko Version/4.0 Chrome/80.0.3987.149 Mobile Safari/537.36 wkbrowser 4.7.51 2004261 js 5.1.1 newfocus lng=en",Chrome Mobile WebView 80.0.3987,iOS 11.2.6,mobile,FALSE,TRUE,FALSE
112,45:55.5,-3.83E+18,,139.164.62.62,NO,-,-,29695,"Mozilla/5.0 (Macintosh; Intel Mac OS X 10_14_6) AppleWebKit/537.36 (KHTML, like Gecko) Chrome/86.0.4202.0 Safari/537.36",Chrome 86.0.4202,Mac OS X 10.14.6,desktop,TRUE,FALSE,FALSE
113,45:56.3,2.93E+18,,185.82.200.219,AU,-,-,60117,"Mozilla/5.0  (iPhone; CPU iPhone OS 11_2_6 like Mac OS X) AppleWebKit/537.36 (KHTML, like Gecko Chrome/51.0.2704.77 Mobile Safari/537.36 variation/149011",Chrome Mobile 51.0.2704,iOS 11.2.6,mobile,TRUE,FALSE,FALSE
114,45:56.8,-4.32E+18,,10.0.117.53,NO,Vestland,Askvoll,207464,"Mozilla/5.0  (iPad; CPU OS 7_1 like Mac OS X) AppleWebKit/533.1 (KHTML, like Gecko Version/4.0 Mobile Safari/533.1 variation/277457",Android 2.3.3.2672,iOS 7.1,mobile,FALSE,FALSE,FALSE
115,45:57.0,-4.32E+18,,176.107.142.131,PL,Mazovia,Warsaw,205727,"Mozilla/5.0  (iPhone; CPU iPhone OS 11_2_6 like Mac OS X) AppleWebKit/537.36 (KHTML, like Gecko Version/4.0 Chrome/78.0.3904.96 Mobile Safari/537.36 mailapp/6.1.2",Chrome Mobile WebView 78.0.3904,iOS 11.2.6,mobile,FALSE,FALSE,FALSE
116,45:57.4,-4.32E+18,,170.39.76.210,US,-,-,393398,"Mozilla/5.0  (Linux; U; Android 2.2) AppleWebKit/537.36 (KHTML, like Gecko Chrome/63.0.3239.111 Mobile Safari/537.36 AlohaBrowser/2.0.1.2",Chrome Mobile 63.0.3239,Android 2.2,mobile,FALSE,FALSE,FALSE
117,46:00.3,-6.47E+18,,158.248.119.61,NO,Vestland,Bergen,29695,"Mozilla/5.0 (Macintosh; Intel Mac OS X 10_14_6) AppleWebKit/537.36 (KHTML, like Gecko) Chrome/86.0.4202.0 Safari/537.36",Chrome 86.0.4202,Mac OS X 10.14.6,desktop,TRUE,FALSE,FALSE
118,46:00.9,8.28E+18,,170.39.78.252,US,-,-,393398,"Mozilla/5.0 (iPhone; CPU iPhone OS 14_2_1 like Mac OS X) AppleWebKit/605.1.15 (KHTML, like Gecko) Version/14.0.1 Mobile/15E148 Snapchat/11.8.1.33 (like Safari/604.1)",Snapchat 11.8.1,iOS 14.2.1,mobile,FALSE,FALSE,FALSE
119,46:01.4,-9.05E+18,,139.164.54.1,NO,-,-,29695,"Mozilla/5.0 (Macintosh; Intel Mac OS X 10_14_6) AppleWebKit/537.36 (KHTML, like Gecko) Chrome/79.0.3945.192.203.88 Safari/537.36",Chrome 79.0.3945.192.203,Mac OS X 10.14.6,desktop,TRUE,FALSE,FALSE
120,46:02.1,-4.32E+18,,199.26.84.170,US,-,-,393398,"Mozilla/5.0  (Android 6.0.99; Tablet; https://github.com/das-group/rba-dataset) optimo (XT1952DL AppleWebKit/537.36 (KHTML, like Gecko Chrome/81.0.4044.1931.111 Mobile Safari/537.36",Chrome Mobile 81.0.4044.1931,Android 6.0.99,mobile,FALSE,FALSE,FALSE
121,46:02.3,-4.32E+18,,10.0.181.179,BD,-,-,262582,"Mozilla/5.0  (Macintosh; Intel Mac OS X 11_6_3) AppleWebKit/537.36 (KHTML, like Gecko Chrome/84.0.4147.338.339.125 Safari/537.36/QN0TI7Tz-14",Chrome 84.0.4147.338.339,Mac OS X 11.6.3,desktop,FALSE,FALSE,FALSE
122,46:02.4,-7.60E+18,,81.166.246.255,NO,Rogaland,Haugesund,29695,"Mozilla/5.0 (Macintosh; Intel Mac OS X 10_14_6) AppleWebKit/537.36 (KHTML, like Gecko) Chrome/81.0.4044.0 Safari/537.36 Edg/81.0.416.0",Edge 81.0.416,Mac OS X 10.14.6,desktop,TRUE,FALSE,FALSE
123,46:02.6,9.13E+18,,38.135.39.102,US,-,-,393398,"Mozilla/5.0  (Linux; Android 4.1; Galaxy Nexus Build/JRN84D) AppleWebKit/537.36 (KHTML, like Gecko Chrome/51.0.2704.81 Mobile Safari/537.36 variation/42843",Chrome Mobile 51.0.2704,Android 4.1,mobile,TRUE,TRUE,FALSE
124,46:04.8,-4.32E+18,,176.107.143.231,PL,Mazovia,Warsaw,205727,Mozilla/5.0  (iPhone; CPU iPhone OS 11_2_6 like Mac OS X) Gecko/20100101 Firefox/20.0.0.1681 variation/194641,Firefox 20.0.0.1681,iOS 11.2.6,mobile,FALSE,FALSE,FALSE
125,46:08.2,-1.53E+18,,10.0.175.82,NO,Vestland,Torvikbygd,500018,"Mozilla/5.0 (Macintosh; Intel Mac OS X 10_14_6) AppleWebKit/537.36 (KHTML, like Gecko) Chrome/69.0.3497.17.19.92 Safari/537.36",Chrome 69.0.3497.17.19,Mac OS X 10.14.6,desktop,TRUE,FALSE,FALSE
126,46:08.5,-8.30E+18,573,82.147.58.93,NO,Oslo County,Oslo,29492,"Mozilla/5.0  (iPad; CPU OS 7_1 like Mac OS X) AppleWebKit/533.1 (KHTML, like Gecko Version/4.0 Mobile Safari/533.1 variation/277457",Android 2.3.3.2672,iOS 7.1,mobile,TRUE,FALSE,FALSE
127,46:08.6,-8.76E+18,,10.0.183.40,MD,TeleneÅŸti,Cazanesti,506055,"Mozilla/5.0  (iPhone; CPU iPhone OS 11_2_6 like Mac OS X) Plus Build/OPS28.85-17-6-2; wv AppleWebKit/537.36 (KHTML, like Gecko Version/4.0 Chrome/85.0.4183.101 Mobile Safari/537.36",Chrome Mobile WebView 85.0.4183,iOS 11.2.6,mobile,TRUE,FALSE,FALSE
128,46:09.1,-7.21E+18,,170.39.78.176,US,-,-,393398,"Mozilla/5.0  (Mobile; LYF/F220B/LYF-F220B-003-01-45-051119;Android; https://github.com/das-group/rba-dataset) AppleWebKit/537.36 (KHTML, like Gecko Chrome/81.0.4044.2000.117 Mobile Safari/537.36",Chrome Mobile 81.0.4044.2000,KaiOS 2.5,mobile,TRUE,FALSE,FALSE
129,46:09.4,9.13E+18,,38.135.39.102,US,-,-,393398,"Mozilla/5.0  (Linux; Android 4.1; Galaxy Nexus Build/JRN84D) AppleWebKit/537.36 (KHTML, like Gecko Chrome/51.0.2704.81 Mobile Safari/537.36 variation/42843",Chrome Mobile 51.0.2704,Android 4.1,mobile,TRUE,TRUE,FALSE
130,46:10.4,-4.32E+18,,80.211.248.182,PL,Mazovia,Warsaw,205727,"Mozilla/5.0 (Linux; Android 5.5.1; CHM-U01) AppleWebKit/537.36 (KHTML, like Gecko) Chrome/81.0.4044.1949.138 Mobile Safari/537.36 variation/85356",Chrome Mobile 81.0.4044.1949,Android 5.5.1,mobile,FALSE,FALSE,FALSE
131,46:10.6,-4.32E+18,,92.221.154.154,NO,MÃ¸re og Romsdal,Kleppe,29695,"Mozilla/5.0  (iPad; CPU OS 7_1 like Mac OS X) AppleWebKit/533.1 (KHTML, like Gecko Version/4.0 Mobile Safari/533.1 variation/277457",Android 2.3.3.2672,iOS 7.1,mobile,FALSE,FALSE,FALSE
132,46:11.5,-4.32E+18,,27.123.0.40,ID,Jakarta,Jakarta,45706,"Mozilla/5.0  (iPad; CPU OS 7_1 like Mac OS X) AppleWebKit/533.1 (KHTML, like Gecko Version/4.0 Mobile Safari/533.1 variation/277457",Android 2.3.3.2672,iOS 7.1,mobile,FALSE,FALSE,FALSE
133,46:11.8,-2.88E+18,,80.69.202.186,DE,Hesse,Witzenhausen,20810,"Mozilla/5.0  (iPhone; CPU iPhone OS 11_2_6 like Mac OS X) AppleWebKit/537.36 (KHTML, like Gecko Version/4.0 Rocket/2.5.1(20468 Chrome/85.0.4183.101 Mobile Safari/537.36",Chrome Mobile WebView 85.0.4183,iOS 11.2.6,mobile,TRUE,FALSE,FALSE
134,46:12.0,7.60E+18,,51.175.59.45,NO,Viken,Solbergelva,29695,"Mozilla/5.0 (Macintosh; Intel Mac OS X 10_14_6) AppleWebKit/537.36 (KHTML, like Gecko) Chrome/69.0.3497.17.19.92 Safari/537.36",Chrome 69.0.3497.17.19,Mac OS X 10.14.6,desktop,FALSE,FALSE,FALSE
135,46:12.8,-4.32E+18,,185.82.200.219,AU,-,-,60117,"Mozilla/5.0  (iPhone; CPU iPhone OS 11_2_6 like Mac OS X) AppleWebKit/537.36 (KHTML, like Gecko Chrome/51.0.2704.77 Mobile Safari/537.36 variation/149011",Chrome Mobile 51.0.2704,iOS 11.2.6,mobile,FALSE,FALSE,FALSE
136,46:13.2,-1.64E+18,,158.149.18.107,NO,-,-,29492,"Mozilla/5.0 (Macintosh; Intel Mac OS X 10_14_6) AppleWebKit/537.36 (KHTML, like Gecko) Chrome/69.0.3497.17.19.92 Safari/537.36",Chrome 69.0.3497.17.19,Mac OS X 10.14.6,desktop,TRUE,FALSE,FALSE
137,46:14.4,-4.32E+18,,77.106.161.131,NO,Innlandet,Fagernes,29492,"Mozilla/5.0 (Macintosh; Intel Mac OS X 10_14_6) AppleWebKit/537.36 (KHTML, like Gecko) Chrome/69.0.3497.17.19.92 Safari/537.36",Chrome 69.0.3497.17.19,Mac OS X 10.14.6,desktop,FALSE,FALSE,FALSE
138,46:15.4,5.44E+18,,170.39.76.210,US,-,-,393398,"Mozilla/5.0  (Linux; U; Android 2.2) AppleWebKit/537.36 (KHTML, like Gecko Chrome/63.0.3239.111 Mobile Safari/537.36 AlohaBrowser/2.0.1.2",Chrome Mobile 63.0.3239,Android 2.2,mobile,TRUE,FALSE,FALSE
139,46:16.2,-4.32E+18,,10.0.105.195,IN,-,-,45916,Mozilla/5.0  (iPhone; CPU iPhone OS 11_2_6 like Mac OS X) Gecko/20150101 Firefox/20.0.0.1618 (Chrome variation/193385,Firefox 20.0.0.1618,iOS 11.2.6,mobile,FALSE,FALSE,FALSE
140,46:16.7,8.73E+17,,103.250.151.168,IN,Gujarat,Siddhapur,45916,"Mozilla/5.0  (Linux; U; Android 2.2) play Build/OPPS27.91-143-2; wv AppleWebKit/537.36 (KHTML, like Gecko Version/4.0 Chrome/85.0.4183.101 Mobile Safari/537.36",Chrome Mobile WebView 85.0.4183,Android 2.2,mobile,TRUE,FALSE,FALSE
141,46:17.5,8.80E+18,,79.161.95.103,NO,Viken,Moss,29695,"Mozilla/5.0 (Macintosh; Intel Mac OS X 10_14_6) AppleWebKit/537.36 (KHTML, like Gecko) Chrome/81.0.4044.0 Safari/537.36 Edg/81.0.416.0",Edge 81.0.416,Mac OS X 10.14.6,desktop,TRUE,FALSE,FALSE
142,46:18.2,-4.32E+18,,79.160.104.53,BR,-,-,29695,"Mozilla/5.0  (iPad; CPU OS 7_1 like Mac OS X) AppleWebKit/533.1 (KHTML, like Gecko Version/4.0 Mobile Safari/533.1 variation/277457",Android 2.3.3.2672,iOS 7.1,mobile,FALSE,FALSE,FALSE
143,46:19.1,-6.86E+18,,152.93.4.37,NO,Rogaland,Sandnes,29695,"Mozilla/5.0  (iPhone; CPU iPhone OS 11_2_6 like Mac OS X) Build/NPPS25.137-93-4; wv AppleWebKit/537.36 (KHTML, like Gecko Version/4.0 Chrome/85.0.4183.101 Mobile Safari/537.36",Chrome Mobile WebView 85.0.4183,iOS 11.2.6,mobile,TRUE,FALSE,FALSE
144,46:21.7,-4.32E+18,,83.243.253.230,NO,MÃ¸re og Romsdal,Ã…lesund,41164,"Mozilla/5.0  (iPad; CPU OS 7_1 like Mac OS X) AppleWebKit/533.1 (KHTML, like Gecko Version/4.0 Mobile Safari/533.1 variation/277457",Android 2.3.3.2672,iOS 7.1,mobile,FALSE,FALSE,FALSE
145,46:21.7,-6.62E+18,,81.166.20.84,BR,-,-,29695,"Mozilla/5.0  (iPad; CPU OS 7_1 like Mac OS X) AppleWebKit/533.1 (KHTML, like Gecko Version/4.0 Mobile Safari/533.1 variation/277457",Android 2.3.3.2672,iOS 7.1,mobile,FALSE,FALSE,FALSE
146,46:22.2,-4.32E+18,,10.0.105.195,IN,-,-,45916,Mozilla/5.0  (iPhone; CPU iPhone OS 11_2_6 like Mac OS X) Gecko/20150101 Firefox/20.0.0.1618 (Chrome variation/193385,Firefox 20.0.0.1618,iOS 11.2.6,mobile,FALSE,FALSE,FALSE
147,46:22.8,3.69E+18,,51.174.41.230,NO,Rogaland,Stavanger,29695,"Mozilla/5.0 (Macintosh; Intel Mac OS X 10_14_6) AppleWebKit/537.36 (KHTML, like Gecko) Chrome/69.0.3497.17.19.92 Safari/537.36",Chrome 69.0.3497.17.19,Mac OS X 10.14.6,desktop,TRUE,FALSE,FALSE
148,46:25.2,-4.11E+18,,89.162.1.49,NO,Nordland,BodÃ¸,29695,"Mozilla/5.0  (iPhone; CPU iPhone OS 11_2_6 like Mac OS X) plus Build/PTBS29.401-25-5; wv AppleWebKit/537.36 (KHTML, like Gecko Version/4.0 Chrome/85.0.4183.127 Mobile Safari/537.36",Chrome Mobile WebView 85.0.4183,iOS 11.2.6,mobile,FALSE,FALSE,FALSE
149,46:25.3,-4.32E+18,,10.0.160.153,NO,-,-,500030,"Mozilla/5.0 (Macintosh; Intel Mac OS X 10_14_6) AppleWebKit/537.36 (KHTML, like Gecko) Chrome/78.0.3904.108 Safari/537.36 OPR/65.0.3467.72",Opera 65.0.3467,Mac OS X 10.14.6,desktop,FALSE,FALSE,FALSE
150,46:25.8,-4.32E+18,,37.191.162.246,NO,Oslo County,Oslo,57963,"Mozilla/5.0  (Android 6.0.99; Tablet; https://github.com/das-group/rba-dataset) AppleWebKit/537.36 (KHTML, like Gecko Version/4.0 Chrome/85.0.4183.120 Mobile Safari/537.36 SamsungBrowser/CrossApp/0.1.132",Chrome Mobile WebView 85.0.4183,Android 6.0.99,mobile,FALSE,FALSE,FALSE
151,46:27.3,-5.66E+18,,84.209.10.130,NO,Oslo County,Oslo,41164,"Mozilla/5.0 (Macintosh; Intel Mac OS X 10_14_6) AppleWebKit/537.36 (KHTML, like Gecko) Chrome/69.0.3497.17.19.92 Safari/537.36",Chrome 69.0.3497.17.19,Mac OS X 10.14.6,desktop,TRUE,FALSE,FALSE
152,46:27.9,4.47E+18,,37.97.12.76,NO,-,-,29695,"Mozilla/5.0 (Macintosh; Intel Mac OS X 10_14_6) AppleWebKit/537.36 (KHTML, like Gecko) Chrome/69.0.3497.17.19.92 Safari/537.36",Chrome 69.0.3497.17.19,Mac OS X 10.14.6,desktop,FALSE,FALSE,FALSE
153,46:28.2,-6.01E+18,,10.0.183.198,NO,Oslo County,Oslo,500022,"Mozilla/5.0 (Macintosh; Intel Mac OS X 10_14_6) AppleWebKit/537.36 (KHTML, like Gecko) Chrome/72.0.3626.75.109 Safari/537.36 variation/8003",Chrome 72.0.3626.75,Mac OS X 10.14.6,desktop,TRUE,FALSE,FALSE
154,46:28.5,-4.32E+18,,10.0.187.218,NL,North Holland,Amsterdam,208951,"Mozilla/5.0  (iPhone; CPU iPhone OS 11_2_6 like Mac OS X) AppleWebKit/537.36 (KHTML, like Gecko Chrome/51.0.2704.90 Mobile Safari/537.36 variation/148997",Chrome Mobile 51.0.2704,iOS 11.2.6,mobile,FALSE,FALSE,FALSE
155,46:28.5,8.51E+18,,182.50.190.42,NO,-,-,55784,"Mozilla/5.0 (Macintosh; Intel Mac OS X 10_14_6) AppleWebKit/537.36 (KHTML, like Gecko) Chrome/69.0.3497.17.19.92 Safari/537.36",Chrome 69.0.3497.17.19,Mac OS X 10.14.6,desktop,TRUE,FALSE,FALSE
156,46:28.7,-1.86E+18,,10.0.77.224,NO,Oslo County,Oslo,29695,"Mozilla/5.0 (Macintosh; Intel Mac OS X 10_14_6) AppleWebKit/537.36 (KHTML, like Gecko) Chrome/69.0.3497.17.19.92 Safari/537.36",Chrome 69.0.3497.17.19,Mac OS X 10.14.6,desktop,TRUE,FALSE,FALSE
157,46:29.1,-3.93E+18,,141.0.65.73,NO,Vestfold og Telemark,Sandefjord,29695,"Mozilla/5.0 (Macintosh; Intel Mac OS X 10_14_6) AppleWebKit/537.36 (KHTML, like Gecko) Chrome/69.0.3497.17.19.92 Safari/537.36",Chrome 69.0.3497.17.19,Mac OS X 10.14.6,desktop,TRUE,FALSE,FALSE
158,46:29.2,-4.32E+18,,46.212.29.200,NO,Viken,Nesodden,41164,"Mozilla/5.0  (X11; CrOS armv7l 5978.98.0) AppleWebKit/537.36 (KHTML, like Gecko Falkon/3.0.1 Chrome/69.0.3497.17.19.128 Safari/537.36",Chrome 69.0.3497.17.19,Chrome OS 5978.98.0,desktop,FALSE,FALSE,FALSE
159,46:29.9,-1.65E+18,,170.39.76.220,US,-,-,393398,"Mozilla/5.0  (Linux; Android 4.1; Galaxy Nexus Build/JRN84D) AppleWebKit/537.36 (KHTML, like Gecko Version/4.0 Chrome/81.0.4044.117 Safari/537.36",Chrome Mobile WebView 81.0.4044,Android 4.1,mobile,FALSE,FALSE,FALSE
160,46:31.2,-4.32E+18,,209.236.125.148,US,-,-,393398,"Mozilla/5.0  (iPhone; CPU iPhone OS 14_2_1 like Mac OS X) AppleWebKit/537.36 (KHTML, like Gecko Chrome/81.0.4044.1923.122 Mobile Safari/537.36",Chrome Mobile 81.0.4044.1923,iOS 14.2.1,mobile,FALSE,TRUE,FALSE
161,46:31.5,5.73E+18,,170.39.79.164,US,-,-,393398,"Mozilla/5.0  (Linux; Android 4.1; Galaxy Nexus Build/JRN84D) AppleWebKit/537.36 (KHTML, like Gecko Chrome/80.0.3987.162 Mobile Safari/537.36 PHX/5.0",Chrome Mobile 80.0.3987,Android 4.1,mobile,TRUE,FALSE,FALSE
162,46:31.6,-4.32E+18,,84.209.221.148,NO,Viken,Finstadjordet,41164,"Mozilla/5.0  (iPhone; CPU iPhone OS 11_2_6 like Mac OS X) Build/PKQ1.190522.001; wv AppleWebKit/537.36 (KHTML, like Gecko Version/4.0 Chrome/85.0.4183.81 Mobile Safari/537.36",Chrome Mobile WebView 85.0.4183,iOS 11.2.6,mobile,FALSE,FALSE,FALSE
163,46:31.6,5.67E+18,,37.148.147.78,NO,Innlandet,Heradsbygd,29492,"Mozilla/5.0 (Macintosh; Intel Mac OS X 10_14_6) AppleWebKit/537.36 (KHTML, like Gecko) Chrome/79.0.3945.192.209.94 Safari/537.36",Chrome 79.0.3945.192.209,Mac OS X 10.14.6,desktop,FALSE,FALSE,FALSE
164,46:31.8,-4.32E+18,,115.69.219.34,ID,East Java,Surabaya,38778,"Mozilla/5.0  (iPhone; CPU iPhone OS 13_4 like Mac OS X) Plus Build/NCRS26.58-44-25; wv AppleWebKit/537.36 (KHTML, like Gecko Version/4.0 Chrome/85.0.4183.81 Mobile Safari/537.36",Chrome Mobile WebView 85.0.4183,iOS 13.4,mobile,FALSE,FALSE,FALSE
165,46:32.0,-7.19E+18,,79.161.166.165,NO,Vestfold og Telemark,Notodden,29695,"Mozilla/5.0  (Linux; Android 10.0.99) AppleWebKit/537.36 (KHTML, like Gecko Version/4.0 Chrome/88.0.4324.93 Mobile Safari/537.36 SamsungBrowser/CrossApp/0.1.132",Chrome Mobile WebView 88.0.4324,Android 10.0.99,mobile,TRUE,FALSE,FALSE
166,46:33.0,5.31E+18,626,46.212.44.24,NO,Oslo County,Oslo,41164,Mozilla/5.0  (iPhone; CPU iPhone OS 13_4 like Mac OS X) Gecko/20150101 Firefox/20.0.0.1673 (Chrome,Firefox 20.0.0.1673,iOS 13.4,mobile,TRUE,FALSE,FALSE
167,46:33.4,-4.32E+18,,77.106.167.186,NO,Innlandet,Valer,29492,"Mozilla/5.0  (Linux; Android 5.5.1; CHM-U01) AppleWebKit/537.36 (KHTML, like Gecko Version/4.0 Chrome/85.0.4183.78 Mobile Safari/537.36",Chrome Mobile WebView 85.0.4183,Android 5.5.1,mobile,TRUE,FALSE,FALSE
168,46:34.5,7.98E+18,,77.222.210.42,BR,-,-,29695,Mozilla/5.0  (iPhone; CPU iPhone OS 13_4 like Mac OS X) Gecko/20081407 Firefox/20.0.0.1618,Firefox 20.0.0.1618,iOS 13.4,mobile,FALSE,FALSE,FALSE
169,46:34.8,-8.80E+17,,46.250.220.132,NO,Rogaland,Sandnes,28824,"Mozilla/5.0  (Macintosh; Intel Mac OS X 10_14_6) AppleWebKit/537.36 (KHTML, like Gecko Chrome/90.0.4411.0 Safari/537.36 variation/9153",Chrome 90.0.4411,Mac OS X 10.14.6,desktop,TRUE,FALSE,FALSE
170,46:35.0,-4.32E+18,,10.0.70.37,NO,Oslo County,Oslo,29695,"Mozilla/5.0 (Macintosh; Intel Mac OS X 10_14_6) AppleWebKit/537.36 (KHTML, like Gecko) Chrome/69.0.3497.17.19.92 Safari/537.36",Chrome 69.0.3497.17.19,Mac OS X 10.14.6,desktop,FALSE,FALSE,FALSE
171,46:37.0,-5.95E+18,,10.0.160.77,NO,Viken,Sem,500136,"Mozilla/5.0 (Macintosh; Intel Mac OS X 10_14_6) AppleWebKit/537.36 (KHTML, like Gecko) Chrome/69.0.3497.17.19.92 Safari/537.36",Chrome 69.0.3497.17.19,Mac OS X 10.14.6,desktop,TRUE,FALSE,FALSE
172,46:37.9,-8.59E+18,,51.175.211.164,NO,Oslo County,Oslo,29695,"Mozilla/5.0 (Macintosh; Intel Mac OS X 10_14_6) AppleWebKit/537.36 (KHTML, like Gecko) Chrome/69.0.3497.17.19.92 Safari/537.36",Chrome 69.0.3497.17.19,Mac OS X 10.14.6,desktop,TRUE,FALSE,FALSE
173,46:38.2,-8.80E+18,,158.149.51.57,NO,-,-,29492,"Mozilla/5.0 (Linux; Android 6.0.2; P7) AppleWebKit/537.36 (KHTML, like Gecko) Chrome/78.0.3904.108 Mobile Safari/537.36",Chrome Mobile 78.0.3904,Android 6.0.2,mobile,TRUE,FALSE,FALSE
174,46:39.2,-6.31E+18,,158.149.88.189,NO,-,-,29492,"Mozilla/5.0  (X11; Linux aarch64) AppleWebKit/537.36 (KHTML, like Gecko Chrome/69.0.3497.17.19.42 Safari/537.36",Chrome 69.0.3497.17.19,Chromecast 1.52.251747,desktop,TRUE,FALSE,FALSE
175,46:40.0,-7.19E+18,,79.161.166.165,NO,Vestfold og Telemark,Notodden,29695,"Mozilla/5.0  (Linux; Android 10.0.99) AppleWebKit/537.36 (KHTML, like Gecko Version/4.0 Chrome/88.0.4324.93 Mobile Safari/537.36 SamsungBrowser/CrossApp/0.1.132",Chrome Mobile WebView 88.0.4324,Android 10.0.99,mobile,TRUE,FALSE,FALSE
176,46:42.4,-3.82E+18,,10.0.77.227,NO,Oslo County,Oslo,29695,"Mozilla/5.0  (Macintosh; Intel Mac OS X 10_14_6) AppleWebKit/537.36 (KHTML, like Gecko Chrome/90.0.4411.0 Safari/537.36 variation/9155",Chrome 90.0.4411,Mac OS X 10.14.6,desktop,TRUE,FALSE,FALSE
177,46:42.9,-4.32E+18,,170.39.78.175,US,-,-,393398,"Mozilla/5.0  (Linux; Android 5.5.1; CHM-U01) AppleWebKit/533.1 (KHTML, like Gecko Version/4.0 Mobile Safari/533.1 variation/69492",Android 2.2.2,Android 5.5.1,mobile,FALSE,FALSE,FALSE
178,46:44.1,-4.32E+18,,81.166.183.10,NO,Vestfold og Telemark,Sandefjord,29695,"Mozilla/5.0  (iPhone; CPU iPhone OS 13_4 like Mac OS X) Build/R80-12739.105.0; wv AppleWebKit/537.36 (KHTML, like Gecko Version/4.0 Chrome/80.0.3987.132 Safari/537.36",Chrome Mobile WebView 80.0.3987,iOS 13.4,mobile,FALSE,FALSE,FALSE
179,46:44.9,-4.32E+18,,10.0.3.89,RO,-,-,500039,"Mozilla/5.0  (Macintosh; Intel Mac OS X 11_6_3) AppleWebKit/537.36 (KHTML, like Gecko Chrome/72.0.3626.115.121 Safari/537.36",Chrome 72.0.3626.115,Mac OS X 11.6.3,desktop,FALSE,TRUE,FALSE
180,46:45.1,-4.32E+18,,10.0.3.72,RO,Buzau,Rusetu,500039,"Mozilla/5.0  (Macintosh; Intel Mac OS X 11_6_3) AppleWebKit/537.36 (KHTML, like Gecko Chrome/72.0.3626.115.121 Safari/537.36",Chrome 72.0.3626.115,Mac OS X 11.6.3,desktop,FALSE,TRUE,FALSE
181,46:45.8,-4.07E+18,,85.234.129.237,GB,-,-,29550,"Mozilla/5.0 (Macintosh; Intel Mac OS X 10_14_6) AppleWebKit/537.36 (KHTML, like Gecko) Chrome/87.0.4280.67 Safari/537.36 Edg/87.0.664.52",Edge 87.0.664,Mac OS X 10.14.6,desktop,TRUE,FALSE,FALSE
182,46:46.6,4.62E+18,,92.221.154.154,NO,MÃ¸re og Romsdal,Kleppe,29695,"Mozilla/5.0  (iPad; CPU OS 7_1 like Mac OS X) AppleWebKit/533.1 (KHTML, like Gecko Version/4.0 Mobile Safari/533.1 variation/277457",Android 2.3.3.2672,iOS 7.1,mobile,FALSE,FALSE,FALSE
183,46:46.7,3.69E+18,,152.93.211.99,NO,Rogaland,Sola,29695,"Mozilla/5.0  (iPhone; CPU iPhone OS 14_2_1 like Mac OS X) plus Build/PTBS29.401-25-2; wv AppleWebKit/537.36 (KHTML, like Gecko Version/4.0 Chrome/80.0.3987.162 Mobile Safari/537.36",Chrome Mobile WebView 80.0.3987,iOS 14.2.1,mobile,TRUE,FALSE,FALSE
184,46:47.2,6.71E+18,,10.0.70.37,NO,Oslo County,Oslo,29695,"Mozilla/5.0 (Macintosh; Intel Mac OS X 10_14_6) AppleWebKit/537.36 (KHTML, like Gecko) Chrome/69.0.3497.17.19.92 Safari/537.36",Chrome 69.0.3497.17.19,Mac OS X 10.14.6,desktop,TRUE,FALSE,FALSE
185,46:48.3,-2.59E+18,,170.0.93.65,AR,Entre Rios,GualeguaychÃº,264704,"Mozilla/5.0  (iPad; CPU OS 7_1 like Mac OS X) AppleWebKit/533.1 (KHTML, like Gecko Version/4.0 Mobile Safari/533.1 variation/277457",Android 2.3.3.2672,iOS 7.1,mobile,TRUE,FALSE,FALSE
186,46:50.7,4.88E+18,,152.93.126.46,NO,Rogaland,Sandnes,29695,"Mozilla/5.0  (iPad; CPU OS 7_1 like Mac OS X) AppleWebKit/533.1 (KHTML, like Gecko Version/4.0 Mobile Safari/533.1 variation/277457",Android 2.3.3.2672,iOS 7.1,mobile,TRUE,FALSE,FALSE
187,46:50.8,-4.32E+18,,81.167.121.189,NO,Innlandet,Brandbu,29695,"Mozilla/5.0 (Macintosh; Intel Mac OS X 10_14_6) AppleWebKit/537.36 (KHTML, like Gecko) Chrome/86.0.4202.0 Safari/537.36",Chrome 86.0.4202,Mac OS X 10.14.6,desktop,FALSE,FALSE,FALSE
188,46:51.3,-2.81E+18,,77.106.138.231,NO,Innlandet,Lillehammer,29492,Mozilla/5.0  (iPhone; CPU iPhone OS 13_4 like Mac OS X) Gecko/20150101 Firefox/20.0.0.1673 (Chrome,Firefox 20.0.0.1673,iOS 13.4,mobile,TRUE,FALSE,FALSE
189,46:51.9,3.05E+18,469,77.106.169.122,NO,Oslo County,Oslo,29492,"Mozilla/5.0  (iPad; CPU OS 7_1 like Mac OS X) AppleWebKit/533.1 (KHTML, like Gecko Version/4.0 Mobile Safari/533.1 variation/277457",Android 2.3.3.2672,iOS 7.1,mobile,TRUE,FALSE,FALSE
190,46:52.0,-4.32E+18,,77.72.58.219,FI,Uusimaa,Helsinki,42252,"Mozilla/5.0  (Linux; U; Android 2.2) AppleWebKit/537.36 (KHTML, like Gecko Chrome/80.0.3987.149 Mobile Safari/537.36 PHX/5.0",Chrome Mobile 80.0.3987,Android 2.2,mobile,FALSE,FALSE,FALSE
191,46:52.5,-4.32E+18,,170.39.76.220,US,-,-,393398,"Mozilla/5.0  (Linux; Android 4.1; Galaxy Nexus Build/JRN84D) AppleWebKit/537.36 (KHTML, like Gecko Version/4.0 Chrome/81.0.4044.117 Safari/537.36",Chrome Mobile WebView 81.0.4044,Android 4.1,mobile,FALSE,FALSE,FALSE
192,46:52.9,-4.32E+18,,94.198.241.134,CZ,Hlavni mesto Praha,Prague,62160,"Mozilla/5.0  (iPhone; CPU iPhone OS 11_2_6 like Mac OS X) Build/NPQ26.69-64; wv AppleWebKit/537.36 (KHTML, like Gecko Version/4.0 Chrome/85.0.4183.81 Mobile Safari/537.36",Chrome Mobile WebView 85.0.4183,iOS 11.2.6,mobile,FALSE,FALSE,FALSE
193,46:53.4,-4.32E+18,,170.39.78.28,US,-,-,393398,"Mozilla/5.0  (Android 6.0.99; Tablet; https://github.com/das-group/rba-dataset) AppleWebKit/537.36 (KHTML, like Gecko Chrome/81.0.4044.1944.138 Mobile Safari/537.36 OPT/2.3",Chrome Mobile 81.0.4044.1944,Android 6.0.99,mobile,FALSE,FALSE,FALSE
194,46:53.6,-4.32E+18,,151.236.47.206,GB,England,Reading,29550,"Mozilla/5.0  (Macintosh; Intel Mac OS X 10_9_4) AppleWebKit/537.36 (KHTML, like Gecko Chrome/72.0.3626.90.97 Safari/537.36",Chrome 72.0.3626.90,Mac OS X 10.9.4,desktop,FALSE,FALSE,FALSE
195,46:53.9,-7.32E+18,,10.0.160.62,NO,-,-,8478,"Mozilla/5.0 (Macintosh; Intel Mac OS X 10_14_6) AppleWebKit/537.36 (KHTML, like Gecko) Chrome/69.0.3497.17.19.100 Safari/537.36",Chrome 69.0.3497.17.19,Mac OS X 10.14.6,desktop,TRUE,FALSE,FALSE
196,46:55.5,9.19E+18,,10.0.183.79,RO,Arges,Curtea de ArgeÅŸ,500372,"Mozilla/5.0  (X11; CrOS armv7l 12105.100.0) AppleWebKit/537.36 (KHTML, like Gecko Chrome/69.0.3497.17.19.128 Safari/537.36 (Ecosia android@69.0.3497.17.19.128",Chrome 69.0.3497.17.19,Chrome OS 12105.100.0,desktop,TRUE,FALSE,FALSE
197,46:55.7,-4.32E+18,,170.39.78.177,US,-,-,393398,"Mozilla/5.0 (Linux; Android 10.0.99; H30-U10) AppleWebKit/537.36 (KHTML, like Gecko) Chrome/81.0.4044.1931.96 Mobile Safari/537.36 variation/14113",Chrome Mobile 81.0.4044.1931,Android 10.0.99,mobile,FALSE,FALSE,FALSE
198,46:56.2,-4.32E+18,,10.0.64.42,NO,-,-,29695,"Mozilla/5.0  (X11; CrOS armv7l 5978.98.0) AppleWebKit/537.36 (KHTML, like Gecko Chrome/90.0.4411.0 Safari/537.36",Chrome 90.0.4411,Chrome OS 5978.98.0,desktop,FALSE,FALSE,FALSE
199,46:59.7,-1.38E+18,,87.248.6.83,NO,Innlandet,GjÃ¸vik,29492,"Mozilla/5.0 (Macintosh; Intel Mac OS X 10_14_6) AppleWebKit/537.36 (KHTML, like Gecko) Chrome/69.0.3497.17.19.92 Safari/537.36",Chrome 69.0.3497.17.19,Mac OS X 10.14.6,desktop,TRUE,FALSE,FALSE
200,47:01.4,-8.02E+18,,84.234.254.197,NO,Rogaland,Stavanger,29695,"Mozilla/5.0 (Macintosh; Intel Mac OS X 10_14_6) AppleWebKit/537.36 (KHTML, like Gecko) Chrome/86.0.4202.0 Safari/537.36",Chrome 86.0.4202,Mac OS X 10.14.6,desktop,TRUE,FALSE,FALSE
201,47:01.7,-4.32E+18,,170.39.77.254,US,-,-,393398,"Mozilla/5.0  (Linux; Android 4.1; Galaxy Nexus Build/JRN84D) Plus Build/NMA26.42-113 AppleWebKit/537.36 (KHTML, like Gecko Chrome/63.0.3239.111 Mobile Safari/537.36",Chrome Mobile 63.0.3239,Android 4.1,mobile,FALSE,FALSE,FALSE
202,47:02.4,-6.80E+18,,10.0.176.106,NO,Oslo County,Oslo,6829,"Mozilla/5.0 (Macintosh; Intel Mac OS X 10_14_6) AppleWebKit/537.36 (KHTML, like Gecko) Chrome/69.0.3497.17.19.92 Safari/537.36",Chrome 69.0.3497.17.19,Mac OS X 10.14.6,desktop,TRUE,FALSE,FALSE
203,47:03.1,1.85E+18,,23.137.225.177,US,-,-,393398,"Mozilla/5.0  (iPhone; CPU iPhone OS 14_2_1 like Mac OS X) AppleWebKit/533.1 (KHTML, like Gecko Version/4.0 Mobile Safari/533.1 variation/254990",Android 2.2.2.2634,iOS 14.2.1,mobile,TRUE,FALSE,FALSE
204,47:03.5,-3.71E+18,,199.26.84.65,US,-,-,393398,"Mozilla/5.0 (Mobile; Windows Phone 8.1; Android 4.0; ARM; Trident/7.0; Touch; https://github.com/das-group/rba-dataset; IEMobile/11.0; Microsoft; Lumia 535) like iPhone OS 7_0_3 Mac OS X AppleWebKit/537 (KHTML, like Gecko) Mobile Safari/537",IE Mobile 11.0,Windows Phone 8.1,mobile,FALSE,FALSE,FALSE
205,47:03.7,-5.38E+18,,115.69.219.34,ID,East Java,Surabaya,38778,"Mozilla/5.0  (iPhone; CPU iPhone OS 13_4 like Mac OS X) Plus Build/NCRS26.58-44-25; wv AppleWebKit/537.36 (KHTML, like Gecko Version/4.0 Chrome/85.0.4183.81 Mobile Safari/537.36",Chrome Mobile WebView 85.0.4183,iOS 13.4,mobile,FALSE,FALSE,FALSE
206,47:03.8,3.69E+18,,95.130.223.186,NO,Viken,Fornebu,49082,"Mozilla/5.0  (iPhone; CPU iPhone OS 11_2_6 like Mac OS X) Build/NCQ26.69-48; wv AppleWebKit/537.36 (KHTML, like Gecko Version/4.0 Chrome/85.0.4183.127 Mobile Safari/537.36",Chrome Mobile WebView 85.0.4183,iOS 11.2.6,mobile,TRUE,FALSE,FALSE
207,47:04.1,-2.96E+18,,10.0.188.217,NO,-,-,500031,"Mozilla/5.0  (X11; Linux aarch64) AppleWebKit/537.36 (KHTML, like Gecko Chrome/69.0.3497.17.19.100 Safari/537.36",Chrome 69.0.3497.17.19,Chromecast 1.52.251747,desktop,TRUE,FALSE,FALSE
208,47:05.6,-7.47E+18,,170.39.78.201,US,-,-,393398,"Mozilla/5.0  (iPhone; CPU iPhone OS 11_2_6 like Mac OS X) Build/OPSS27.82-87-3; wv AppleWebKit/537.36 (KHTML, like Gecko Version/4.0 Chrome/85.0.4183.101 Mobile Safari/537.36",Chrome Mobile WebView 85.0.4183,iOS 11.2.6,mobile,FALSE,FALSE,FALSE
209,47:09.8,-3.28E+18,,81.167.144.58,NO,Vestland,Urangsvag,29695,"Mozilla/5.0  (iPad; CPU OS 7_1 like Mac OS X) AppleWebKit/533.1 (KHTML, like Gecko Version/4.0 Mobile Safari/533.1 variation/277457",Android 2.3.3.2672,iOS 7.1,mobile,TRUE,FALSE,FALSE
210,47:11.0,-8.74E+18,,193.26.147.135,CA,-,-,207674,"Mozilla/5.0  (iPhone; CPU iPhone OS 11_2_6 like Mac OS X) power lite AppleWebKit/537.36 (KHTML, like Gecko Chrome/81.0.4044.1950.138 Mobile Safari/537.36",Chrome Mobile 81.0.4044.1950,iOS 11.2.6,mobile,TRUE,FALSE,FALSE
211,47:11.7,3.97E+18,,84.209.221.148,NO,Viken,Finstadjordet,41164,"Mozilla/5.0  (iPhone; CPU iPhone OS 11_2_6 like Mac OS X) Build/PKQ1.190522.001; wv AppleWebKit/537.36 (KHTML, like Gecko Version/4.0 Chrome/85.0.4183.81 Mobile Safari/537.36",Chrome Mobile WebView 85.0.4183,iOS 11.2.6,mobile,TRUE,FALSE,FALSE
212,47:12.1,3.16E+18,,10.0.190.120,FR,North,Roubaix,42929,"Mozilla/5.0 (Macintosh; Intel Mac OS X 10_14_6) AppleWebKit/537.36 (KHTML, like Gecko) Chrome/69.0.3497.17.19.81 Safari/537.36",Chrome 69.0.3497.17.19,Mac OS X 10.14.6,desktop,TRUE,FALSE,FALSE
213,47:13.2,-4.80E+17,,87.248.28.16,NO,Innlandet,GjÃ¸vik,29492,"Mozilla/5.0 (Macintosh; Intel Mac OS X 10_14_6) AppleWebKit/537.36 (KHTML, like Gecko) Chrome/86.0.4202.0 Safari/537.36",Chrome 86.0.4202,Mac OS X 10.14.6,desktop,TRUE,TRUE,FALSE
214,47:14.1,-6.57E+18,527,92.221.168.50,NO,Oslo County,Oslo,29695,"Mozilla/5.0  (iPhone; CPU iPhone OS 11_2_6 like Mac OS X) Build/PKQ1.190522.001; wv AppleWebKit/537.36 (KHTML, like Gecko Version/4.0 Chrome/85.0.4183.81 Mobile Safari/537.36",Chrome Mobile WebView 85.0.4183,iOS 11.2.6,mobile,TRUE,FALSE,FALSE
215,47:14.5,-4.32E+18,,79.161.71.15,NO,Vestland,Stord,29695,Opera/9.80  (iPhone; CPU iPhone OS 11_2_2 like Mac OS X) Presto/2.12.423 Version/12.16 variation/287848,Opera Mini 20.0.2254,iOS 11.2.2,tablet,FALSE,FALSE,FALSE
216,47:15.4,2.95E+18,,92.221.9.238,NO,Rogaland,Stavanger,29695,"Mozilla/5.0  (iPhone; CPU iPhone OS 11_2_6 like Mac OS X) AppleWebKit/537.36 (KHTML, like Gecko Chrome/85.0.4183.81 Mobile Safari/537.36",Chrome Mobile WebView 85.0.4183,iOS 11.2.6,mobile,FALSE,FALSE,FALSE
217,47:15.7,-4.32E+18,,77.106.130.37,NO,Innlandet,Loten,29492,"Mozilla/5.0  (iPad; CPU OS 7_1 like Mac OS X) AppleWebKit/533.1 (KHTML, like Gecko Version/4.0 Mobile Safari/533.1 variation/294298",Android 2.3.3.2672,iOS 7.1,tablet,FALSE,FALSE,FALSE
,,,,,,,,,,,,,,,
,,,,,,,,,,,,,,,
,,,,,,,,,,,,,,,
,,,,,,,,,,,,,,,
,,,,,,,,,,,,,,,
,,,,,,,,,,,,,,,
,,,,,,,,,,,,,,,
,,,,,,,,,,,,,,,
,,,,,,,,,,,,,,,
,,,,,,,,,,,,,,,
,,,,,,,,,,,,,,,
,,,,,,,,,,,,,,,
,,,,,,,,,,,,,,,
,,,,,,,,,,,,,,,
,,,,,,,,,,,,,,,
,,,,,,,,,,,,,,,
,,,,,,,,,,,,,,,
,,,,,,,,,,,,,,,
,,,,,,,,,,,,,,,
,,,,,,,,,,,,,,,
,,,,,,,,,,,,,,,
,,,,,,,,,,,,,,,
,,,,,,,,,,,,,,,
,,,,,,,,,,,,,,,
,,,,,,,,,,,,,,,
,,,,,,,,,,,,,,,
,,,,,,,,,,,,,,,
,,,,,,,,,,,,,,,
,,,,,,,,,,,,,,,
,,,,,,,,,,,,,,,
,,,,,,,,,,,,,,,
,,,,,,,,,,,,,,,
,,,,,,,,,,,,,,,
,,,,,,,,,,,,,,,
,,,,,,,,,,,,,,,
,,,,,,,,,,,,,,,
,,,,,,,,,,,,,,,
,,,,,,,,,,,,,,,
,,,,,,,,,,,,,,,
,,,,,,,,,,,,,,,
,,,,,,,,,,,,,,,
,,,,,,,,,,,,,,,
,,,,,,,,,,,,,,,
,,,,,,,,,,,,,,,
,,,,,,,,,,,,,,,
,,,,,,,,,,,,,,,
,,,,,,,,,,,,,,,
,,,,,,,,,,,,,,,
,,,,,,,,,,,,,,,
,,,,,,,,,,,,,,,
,,,,,,,,,,,,,,,
,,,,,,,,,,,,,,,
,,,,,,,,,,,,,,,
,,,,,,,,,,,,,,,
,,,,,,,,,,,,,,,
,,,,,,,,,,,,,,,
,,,,,,,,,,,,,,,
,,,,,,,,,,,,,,,
,,,,,,,,,,,,,,,
,,,,,,,,,,,,,,,
,,,,,,,,,,,,,,,
,,,,,,,,,,,,,,,
,,,,,,,,,,,,,,,
,,,,,,,,,,,,,,,
,,,,,,,,,,,,,,,
,,,,,,,,,,,,,,,
,,,,,,,,,,,,,,,
,,,,,,,,,,,,,,,
,,,,,,,,,,,,,,,
,,,,,,,,,,,,,,,
,,,,,,,,,,,,,,,
,,,,,,,,,,,,,,,
,,,,,,,,,,,,,,,
,,,,,,,,,,,,,,,
,,,,,,,,,,,,,,,
,,,,,,,,,,,,,,,
,,,,,,,,,,,,,,,
,,,,,,,,,,,,,,,
,,,,,,,,,,,,,,,
,,,,,,,,,,,,,,,
,,,,,,,,,,,,,,,
